{
  "customers": [
    {
      "id": "C001",
      "name": "Taipei Trading Co."
    },
    {
      "id": "C002",
      "name": "Taichung Xin Feng Enterprise"
    },
    {
      "id": "C003",
      "name": "Kaohsiung Electrical Works"
    }
  ],
  "salespersons": [
    {
      "id": "S01",
      "name": "Wang Xiaoming"
    },
    {
      "id": "S02",
      "name": "Chen Meihua"
    },
    {
      "id": "S03",
      "name": "Chen Meihua"
    }
  ],
  "warehouses": [
    {
      "id": "W01",
      "name": "Warehouse No. 1"
    },
    {
      "id": "W02",
      "name": "Spare Parts Warehouse"
    },
    {
      "id": "W03",
      "name": "Oil Products Section"
    }
  ],
  "products": [
    {
      "id": "P001",
      "name": "Diesel",
      "unit": "liter",
      "price": 32.5
    },
    {
      "id": "P002",
      "name": "Gear Oil",
      "unit": "bottle",
      "price": 180
    },
    {
      "id": "P003",
      "name": "Engine Lubricant",
      "unit": "barrel",
      "price": 1500
    }
  ]
}
